"stuid","grade","classid","testscore","atrisk","nstgrade","nclgrade","nstclass"
1,9,1,507,0,535,24,18
2,9,1,596,0,535,24,18
3,9,1,563,0,535,24,18
4,9,1,502,0,535,24,18
5,9,1,477,0,535,24,18
6,9,1,511,0,535,24,18
7,9,1,480,0,535,24,18
8,9,1,563,0,535,24,18
9,9,1,575,0,535,24,18
10,9,1,443,1,535,24,18
11,9,1,453,1,535,24,18
12,9,1,513,0,535,24,18
13,9,1,430,1,535,24,18
14,9,1,472,0,535,24,18
15,9,1,479,0,535,24,18
16,9,1,482,0,535,24,18
17,9,1,479,0,535,24,18
18,9,1,480,0,535,24,18
19,9,2,482,0,535,24,19
20,9,2,506,0,535,24,19
21,9,2,528,0,535,24,19
22,9,2,426,1,535,24,19
23,9,2,486,0,535,24,19
24,9,2,481,0,535,24,19
25,9,2,420,1,535,24,19
26,9,2,444,1,535,24,19
27,9,2,447,1,535,24,19
28,9,2,486,0,535,24,19
29,9,2,358,1,535,24,19
30,9,2,477,0,535,24,19
31,9,2,577,0,535,24,19
32,9,2,555,0,535,24,19
33,9,2,440,1,535,24,19
34,9,2,465,0,535,24,19
35,9,2,422,1,535,24,19
36,9,2,550,0,535,24,19
37,9,2,474,0,535,24,19
38,9,3,488,0,535,24,24
39,9,3,550,0,535,24,24
40,9,3,429,1,535,24,24
41,9,3,469,0,535,24,24
42,9,3,459,1,535,24,24
43,9,3,486,0,535,24,24
44,9,3,556,0,535,24,24
45,9,3,504,0,535,24,24
46,9,3,491,0,535,24,24
47,9,3,537,0,535,24,24
48,9,3,478,0,535,24,24
49,9,3,433,1,535,24,24
50,9,3,501,0,535,24,24
51,9,3,560,0,535,24,24
52,9,3,479,0,535,24,24
53,9,3,549,0,535,24,24
54,9,3,359,1,535,24,24
55,9,3,475,0,535,24,24
56,9,3,475,0,535,24,24
57,9,3,506,0,535,24,24
58,9,3,468,0,535,24,24
59,9,3,499,0,535,24,24
60,9,3,520,0,535,24,24
61,9,3,484,0,535,24,24
62,9,4,456,1,535,24,19
63,9,4,496,0,535,24,19
64,9,4,579,0,535,24,19
65,9,4,473,0,535,24,19
66,9,4,518,0,535,24,19
67,9,4,378,1,535,24,19
68,9,4,479,0,535,24,19
69,9,4,505,0,535,24,19
70,9,4,492,0,535,24,19
71,9,4,528,0,535,24,19
72,9,4,552,0,535,24,19
73,9,4,483,0,535,24,19
74,9,4,463,0,535,24,19
75,9,4,499,0,535,24,19
76,9,4,533,0,535,24,19
77,9,4,500,0,535,24,19
78,9,4,468,0,535,24,19
79,9,4,436,1,535,24,19
80,9,4,565,0,535,24,19
81,9,5,378,1,535,24,28
82,9,5,545,0,535,24,28
83,9,5,479,0,535,24,28
84,9,5,455,1,535,24,28
85,9,5,461,0,535,24,28
86,9,5,453,1,535,24,28
87,9,5,404,1,535,24,28
88,9,5,464,0,535,24,28
89,9,5,435,1,535,24,28
90,9,5,490,0,535,24,28
91,9,5,528,0,535,24,28
92,9,5,408,1,535,24,28
93,9,5,472,0,535,24,28
94,9,5,428,1,535,24,28
95,9,5,503,0,535,24,28
96,9,5,464,0,535,24,28
97,9,5,428,1,535,24,28
98,9,5,479,0,535,24,28
99,9,5,502,0,535,24,28
100,9,5,413,1,535,24,28
101,9,5,488,0,535,24,28
102,9,5,402,1,535,24,28
103,9,5,507,0,535,24,28
104,9,5,458,1,535,24,28
105,9,5,527,0,535,24,28
106,9,5,511,0,535,24,28
107,9,5,443,1,535,24,28
108,9,5,455,1,535,24,28
109,9,6,444,1,535,24,21
110,9,6,489,0,535,24,21
111,9,6,403,1,535,24,21
112,9,6,524,0,535,24,21
113,9,6,489,0,535,24,21
114,9,6,503,0,535,24,21
115,9,6,457,1,535,24,21
116,9,6,483,0,535,24,21
117,9,6,418,1,535,24,21
118,9,6,528,0,535,24,21
119,9,6,486,0,535,24,21
120,9,6,580,0,535,24,21
121,9,6,493,0,535,24,21
122,9,6,441,1,535,24,21
123,9,6,481,0,535,24,21
124,9,6,529,0,535,24,21
125,9,6,397,1,535,24,21
126,9,6,489,0,535,24,21
127,9,6,488,0,535,24,21
128,9,6,448,1,535,24,21
129,9,6,411,1,535,24,21
130,9,7,517,0,535,24,29
131,9,7,491,0,535,24,29
132,9,7,512,0,535,24,29
133,9,7,469,0,535,24,29
134,9,7,444,1,535,24,29
135,9,7,471,0,535,24,29
136,9,7,463,0,535,24,29
137,9,7,460,0,535,24,29
138,9,7,474,0,535,24,29
139,9,7,474,0,535,24,29
140,9,7,413,1,535,24,29
141,9,7,353,1,535,24,29
142,9,7,545,0,535,24,29
143,9,7,502,0,535,24,29
144,9,7,513,0,535,24,29
145,9,7,539,0,535,24,29
146,9,7,435,1,535,24,29
147,9,7,540,0,535,24,29
148,9,7,389,1,535,24,29
149,9,7,480,0,535,24,29
150,9,7,535,0,535,24,29
151,9,7,565,0,535,24,29
152,9,7,458,1,535,24,29
153,9,7,543,0,535,24,29
154,9,7,467,0,535,24,29
155,9,7,476,0,535,24,29
156,9,7,490,0,535,24,29
157,9,7,509,0,535,24,29
158,9,7,449,1,535,24,29
159,9,8,441,1,535,24,17
160,9,8,511,0,535,24,17
161,9,8,529,0,535,24,17
162,9,8,469,0,535,24,17
163,9,8,431,1,535,24,17
164,9,8,428,1,535,24,17
165,9,8,516,0,535,24,17
166,9,8,528,0,535,24,17
167,9,8,520,0,535,24,17
168,9,8,320,1,535,24,17
169,9,8,446,1,535,24,17
170,9,8,436,1,535,24,17
171,9,8,338,1,535,24,17
172,9,8,451,1,535,24,17
173,9,8,467,0,535,24,17
174,9,8,462,0,535,24,17
175,9,8,568,0,535,24,17
176,9,9,524,0,535,24,24
177,9,9,545,0,535,24,24
178,9,9,523,0,535,24,24
179,9,9,500,0,535,24,24
180,9,9,505,0,535,24,24
181,9,9,514,0,535,24,24
182,9,9,524,0,535,24,24
183,9,9,524,0,535,24,24
184,9,9,497,0,535,24,24
185,9,9,516,0,535,24,24
186,9,9,464,0,535,24,24
187,9,9,408,1,535,24,24
188,9,9,497,0,535,24,24
189,9,9,490,0,535,24,24
190,9,9,513,0,535,24,24
191,9,9,374,1,535,24,24
192,9,9,465,0,535,24,24
193,9,9,511,0,535,24,24
194,9,9,568,0,535,24,24
195,9,9,419,1,535,24,24
196,9,9,452,1,535,24,24
197,9,9,347,1,535,24,24
198,9,9,500,0,535,24,24
199,9,9,469,0,535,24,24
200,9,10,490,0,535,24,21
201,9,10,460,0,535,24,21
202,9,10,517,0,535,24,21
203,9,10,514,0,535,24,21
204,9,10,464,0,535,24,21
205,9,10,522,0,535,24,21
206,9,10,544,0,535,24,21
207,9,10,424,1,535,24,21
208,9,10,418,1,535,24,21
209,9,10,518,0,535,24,21
210,9,10,505,0,535,24,21
211,9,10,584,0,535,24,21
212,9,10,430,1,535,24,21
213,9,10,504,0,535,24,21
214,9,10,487,0,535,24,21
215,9,10,482,0,535,24,21
216,9,10,499,0,535,24,21
217,9,10,474,0,535,24,21
218,9,10,459,1,535,24,21
219,9,10,530,0,535,24,21
220,9,10,496,0,535,24,21
221,9,11,451,1,535,24,22
222,9,11,400,1,535,24,22
223,9,11,510,0,535,24,22
224,9,11,479,0,535,24,22
225,9,11,561,0,535,24,22
226,9,11,435,1,535,24,22
227,9,11,458,1,535,24,22
228,9,11,465,0,535,24,22
229,9,11,548,0,535,24,22
230,9,11,507,0,535,24,22
231,9,11,448,1,535,24,22
232,9,11,366,1,535,24,22
233,9,11,395,1,535,24,22
234,9,11,385,1,535,24,22
235,9,11,473,0,535,24,22
236,9,11,533,0,535,24,22
237,9,11,559,0,535,24,22
238,9,11,565,0,535,24,22
239,9,11,458,1,535,24,22
240,9,11,431,1,535,24,22
241,9,11,480,0,535,24,22
242,9,11,524,0,535,24,22
243,9,12,498,0,535,24,27
244,9,12,475,0,535,24,27
245,9,12,455,1,535,24,27
246,9,12,505,0,535,24,27
247,9,12,418,1,535,24,27
248,9,12,513,0,535,24,27
249,9,12,426,1,535,24,27
250,9,12,468,0,535,24,27
251,9,12,495,0,535,24,27
252,9,12,444,1,535,24,27
253,9,12,522,0,535,24,27
254,9,12,477,0,535,24,27
255,9,12,405,1,535,24,27
256,9,12,441,1,535,24,27
257,9,12,432,1,535,24,27
258,9,12,533,0,535,24,27
259,9,12,498,0,535,24,27
260,9,12,440,1,535,24,27
261,9,12,464,0,535,24,27
262,9,12,417,1,535,24,27
263,9,12,552,0,535,24,27
264,9,12,416,1,535,24,27
265,9,12,454,1,535,24,27
266,9,12,475,0,535,24,27
267,9,12,494,0,535,24,27
268,9,12,488,0,535,24,27
269,9,12,505,0,535,24,27
270,9,13,481,0,535,24,25
271,9,13,444,1,535,24,25
272,9,13,531,0,535,24,25
273,9,13,547,0,535,24,25
274,9,13,457,1,535,24,25
275,9,13,472,0,535,24,25
276,9,13,457,1,535,24,25
277,9,13,454,1,535,24,25
278,9,13,467,0,535,24,25
279,9,13,492,0,535,24,25
280,9,13,435,1,535,24,25
281,9,13,492,0,535,24,25
282,9,13,549,0,535,24,25
283,9,13,499,0,535,24,25
284,9,13,501,0,535,24,25
285,9,13,469,0,535,24,25
286,9,13,460,0,535,24,25
287,9,13,554,0,535,24,25
288,9,13,493,0,535,24,25
289,9,13,417,1,535,24,25
290,9,13,561,0,535,24,25
291,9,13,464,0,535,24,25
292,9,13,569,0,535,24,25
293,9,13,471,0,535,24,25
294,9,13,495,0,535,24,25
295,9,14,472,0,535,24,19
296,9,14,542,0,535,24,19
297,9,14,446,1,535,24,19
298,9,14,551,0,535,24,19
299,9,14,485,0,535,24,19
300,9,14,544,0,535,24,19
301,9,14,422,1,535,24,19
302,9,14,474,0,535,24,19
303,9,14,504,0,535,24,19
304,9,14,514,0,535,24,19
305,9,14,478,0,535,24,19
306,9,14,464,0,535,24,19
307,9,14,425,1,535,24,19
308,9,14,456,1,535,24,19
309,9,14,466,0,535,24,19
310,9,14,492,0,535,24,19
311,9,14,486,0,535,24,19
312,9,14,515,0,535,24,19
313,9,14,507,0,535,24,19
314,9,15,406,1,535,24,31
315,9,15,513,0,535,24,31
316,9,15,515,0,535,24,31
317,9,15,532,0,535,24,31
318,9,15,445,1,535,24,31
319,9,15,407,1,535,24,31
320,9,15,361,1,535,24,31
321,9,15,434,1,535,24,31
322,9,15,398,1,535,24,31
323,9,15,542,0,535,24,31
324,9,15,479,0,535,24,31
325,9,15,463,0,535,24,31
326,9,15,476,0,535,24,31
327,9,15,519,0,535,24,31
328,9,15,433,1,535,24,31
329,9,15,573,0,535,24,31
330,9,15,502,0,535,24,31
331,9,15,469,0,535,24,31
332,9,15,492,0,535,24,31
333,9,15,425,1,535,24,31
334,9,15,524,0,535,24,31
335,9,15,464,0,535,24,31
336,9,15,542,0,535,24,31
337,9,15,508,0,535,24,31
338,9,15,484,0,535,24,31
339,9,15,444,1,535,24,31
340,9,15,409,1,535,24,31
341,9,15,412,1,535,24,31
342,9,15,542,0,535,24,31
343,9,15,466,0,535,24,31
344,9,15,455,1,535,24,31
345,9,16,516,0,535,24,25
346,9,16,452,1,535,24,25
347,9,16,488,0,535,24,25
348,9,16,500,0,535,24,25
349,9,16,488,0,535,24,25
350,9,16,388,1,535,24,25
351,9,16,583,0,535,24,25
352,9,16,487,0,535,24,25
353,9,16,473,0,535,24,25
354,9,16,484,0,535,24,25
355,9,16,473,0,535,24,25
356,9,16,529,0,535,24,25
357,9,16,468,0,535,24,25
358,9,16,390,1,535,24,25
359,9,16,445,1,535,24,25
360,9,16,523,0,535,24,25
361,9,16,509,0,535,24,25
362,9,16,539,0,535,24,25
363,9,16,465,0,535,24,25
364,9,16,517,0,535,24,25
365,9,16,476,0,535,24,25
366,9,16,482,0,535,24,25
367,9,16,563,0,535,24,25
368,9,16,473,0,535,24,25
369,9,16,451,1,535,24,25
370,9,17,486,0,535,24,17
371,9,17,473,0,535,24,17
372,9,17,504,0,535,24,17
373,9,17,420,1,535,24,17
374,9,17,488,0,535,24,17
375,9,17,542,0,535,24,17
376,9,17,500,0,535,24,17
377,9,17,534,0,535,24,17
378,9,17,382,1,535,24,17
379,9,17,444,1,535,24,17
380,9,17,461,0,535,24,17
381,9,17,547,0,535,24,17
382,9,17,450,1,535,24,17
383,9,17,539,0,535,24,17
384,9,17,502,0,535,24,17
385,9,17,521,0,535,24,17
386,9,17,428,1,535,24,17
387,9,18,514,0,535,24,16
388,9,18,403,1,535,24,16
389,9,18,532,0,535,24,16
390,9,18,529,0,535,24,16
391,9,18,533,0,535,24,16
392,9,18,522,0,535,24,16
393,9,18,514,0,535,24,16
394,9,18,478,0,535,24,16
395,9,18,504,0,535,24,16
396,9,18,475,0,535,24,16
397,9,18,362,1,535,24,16
398,9,18,467,0,535,24,16
399,9,18,404,1,535,24,16
400,9,18,420,1,535,24,16
401,9,18,532,0,535,24,16
402,9,18,490,0,535,24,16
403,9,19,512,0,535,24,23
404,9,19,520,0,535,24,23
405,9,19,423,1,535,24,23
406,9,19,439,1,535,24,23
407,9,19,453,1,535,24,23
408,9,19,493,0,535,24,23
409,9,19,562,0,535,24,23
410,9,19,485,0,535,24,23
411,9,19,451,1,535,24,23
412,9,19,346,1,535,24,23
413,9,19,452,1,535,24,23
414,9,19,517,0,535,24,23
415,9,19,510,0,535,24,23
416,9,19,544,0,535,24,23
417,9,19,458,1,535,24,23
418,9,19,444,1,535,24,23
419,9,19,389,1,535,24,23
420,9,19,560,0,535,24,23
421,9,19,549,0,535,24,23
422,9,19,447,1,535,24,23
423,9,19,450,1,535,24,23
424,9,19,510,0,535,24,23
425,9,19,443,1,535,24,23
426,9,20,518,0,535,24,22
427,9,20,454,1,535,24,22
428,9,20,457,1,535,24,22
429,9,20,500,0,535,24,22
430,9,20,513,0,535,24,22
431,9,20,555,0,535,24,22
432,9,20,421,1,535,24,22
433,9,20,490,0,535,24,22
434,9,20,529,0,535,24,22
435,9,20,432,1,535,24,22
436,9,20,389,1,535,24,22
437,9,20,364,1,535,24,22
438,9,20,455,1,535,24,22
439,9,20,592,0,535,24,22
440,9,20,439,1,535,24,22
441,9,20,562,0,535,24,22
442,9,20,485,0,535,24,22
443,9,20,427,1,535,24,22
444,9,20,438,1,535,24,22
445,9,20,471,0,535,24,22
446,9,20,547,0,535,24,22
447,9,20,455,1,535,24,22
448,9,21,355,1,535,24,17
449,9,21,503,0,535,24,17
450,9,21,575,0,535,24,17
451,9,21,409,1,535,24,17
452,9,21,436,1,535,24,17
453,9,21,510,0,535,24,17
454,9,21,436,1,535,24,17
455,9,21,510,0,535,24,17
456,9,21,577,0,535,24,17
457,9,21,429,1,535,24,17
458,9,21,460,0,535,24,17
459,9,21,430,1,535,24,17
460,9,21,499,0,535,24,17
461,9,21,569,0,535,24,17
462,9,21,484,0,535,24,17
463,9,21,442,1,535,24,17
464,9,21,480,0,535,24,17
465,9,22,471,0,535,24,19
466,9,22,450,1,535,24,19
467,9,22,498,0,535,24,19
468,9,22,521,0,535,24,19
469,9,22,477,0,535,24,19
470,9,22,584,0,535,24,19
471,9,22,547,0,535,24,19
472,9,22,585,0,535,24,19
473,9,22,461,0,535,24,19
474,9,22,439,1,535,24,19
475,9,22,530,0,535,24,19
476,9,22,399,1,535,24,19
477,9,22,444,1,535,24,19
478,9,22,431,1,535,24,19
479,9,22,441,1,535,24,19
480,9,22,461,0,535,24,19
481,9,22,463,0,535,24,19
482,9,22,412,1,535,24,19
483,9,22,491,0,535,24,19
484,9,23,502,0,535,24,29
485,9,23,487,0,535,24,29
486,9,23,470,0,535,24,29
487,9,23,472,0,535,24,29
488,9,23,476,0,535,24,29
489,9,23,444,1,535,24,29
490,9,23,399,1,535,24,29
491,9,23,492,0,535,24,29
492,9,23,507,0,535,24,29
493,9,23,443,1,535,24,29
494,9,23,459,1,535,24,29
495,9,23,532,0,535,24,29
496,9,23,526,0,535,24,29
497,9,23,489,0,535,24,29
498,9,23,435,1,535,24,29
499,9,23,495,0,535,24,29
500,9,23,468,0,535,24,29
501,9,23,437,1,535,24,29
502,9,23,503,0,535,24,29
503,9,23,406,1,535,24,29
504,9,23,517,0,535,24,29
505,9,23,560,0,535,24,29
506,9,23,454,1,535,24,29
507,9,23,418,1,535,24,29
508,9,23,525,0,535,24,29
509,9,23,546,0,535,24,29
510,9,23,526,0,535,24,29
511,9,23,371,1,535,24,29
512,9,23,505,0,535,24,29
513,9,24,521,0,535,24,23
514,9,24,614,0,535,24,23
515,9,24,548,0,535,24,23
516,9,24,558,0,535,24,23
517,9,24,466,0,535,24,23
518,9,24,468,0,535,24,23
519,9,24,430,1,535,24,23
520,9,24,549,0,535,24,23
521,9,24,499,0,535,24,23
522,9,24,418,1,535,24,23
523,9,24,487,0,535,24,23
524,9,24,465,0,535,24,23
525,9,24,444,1,535,24,23
526,9,24,429,1,535,24,23
527,9,24,550,0,535,24,23
528,9,24,432,1,535,24,23
529,9,24,421,1,535,24,23
530,9,24,478,0,535,24,23
531,9,24,530,0,535,24,23
532,9,24,501,0,535,24,23
533,9,24,434,1,535,24,23
534,9,24,507,0,535,24,23
535,9,24,452,1,535,24,23
536,10,1,473,1,492,22,19
537,10,1,480,0,492,22,19
538,10,1,477,1,492,22,19
539,10,1,568,0,492,22,19
540,10,1,492,0,492,22,19
541,10,1,602,0,492,22,19
542,10,1,553,0,492,22,19
543,10,1,481,0,492,22,19
544,10,1,410,1,492,22,19
545,10,1,432,1,492,22,19
546,10,1,501,0,492,22,19
547,10,1,542,0,492,22,19
548,10,1,449,1,492,22,19
549,10,1,493,0,492,22,19
550,10,1,467,1,492,22,19
551,10,1,461,1,492,22,19
552,10,1,497,0,492,22,19
553,10,1,453,1,492,22,19
554,10,1,465,1,492,22,19
555,10,2,544,0,492,22,27
556,10,2,562,0,492,22,27
557,10,2,491,0,492,22,27
558,10,2,422,1,492,22,27
559,10,2,508,0,492,22,27
560,10,2,527,0,492,22,27
561,10,2,567,0,492,22,27
562,10,2,531,0,492,22,27
563,10,2,525,0,492,22,27
564,10,2,584,0,492,22,27
565,10,2,438,1,492,22,27
566,10,2,463,1,492,22,27
567,10,2,564,0,492,22,27
568,10,2,507,0,492,22,27
569,10,2,450,1,492,22,27
570,10,2,448,1,492,22,27
571,10,2,496,0,492,22,27
572,10,2,479,1,492,22,27
573,10,2,520,0,492,22,27
574,10,2,576,0,492,22,27
575,10,2,520,0,492,22,27
576,10,2,482,0,492,22,27
577,10,2,519,0,492,22,27
578,10,2,582,0,492,22,27
579,10,2,471,1,492,22,27
580,10,2,480,0,492,22,27
581,10,2,486,0,492,22,27
582,10,3,516,0,492,22,22
583,10,3,522,0,492,22,22
584,10,3,584,0,492,22,22
585,10,3,491,0,492,22,22
586,10,3,391,1,492,22,22
587,10,3,427,1,492,22,22
588,10,3,484,0,492,22,22
589,10,3,461,1,492,22,22
590,10,3,564,0,492,22,22
591,10,3,536,0,492,22,22
592,10,3,505,0,492,22,22
593,10,3,496,0,492,22,22
594,10,3,501,0,492,22,22
595,10,3,505,0,492,22,22
596,10,3,500,0,492,22,22
597,10,3,584,0,492,22,22
598,10,3,428,1,492,22,22
599,10,3,524,0,492,22,22
600,10,3,542,0,492,22,22
601,10,3,542,0,492,22,22
602,10,3,515,0,492,22,22
603,10,3,465,1,492,22,22
604,10,4,598,0,492,22,17
605,10,4,440,1,492,22,17
606,10,4,568,0,492,22,17
607,10,4,402,1,492,22,17
608,10,4,496,0,492,22,17
609,10,4,529,0,492,22,17
610,10,4,363,1,492,22,17
611,10,4,503,0,492,22,17
612,10,4,516,0,492,22,17
613,10,4,418,1,492,22,17
614,10,4,542,0,492,22,17
615,10,4,495,0,492,22,17
616,10,4,542,0,492,22,17
617,10,4,527,0,492,22,17
618,10,4,492,0,492,22,17
619,10,4,494,0,492,22,17
620,10,4,537,0,492,22,17
621,10,5,508,0,492,22,23
622,10,5,535,0,492,22,23
623,10,5,437,1,492,22,23
624,10,5,475,1,492,22,23
625,10,5,542,0,492,22,23
626,10,5,488,0,492,22,23
627,10,5,511,0,492,22,23
628,10,5,542,0,492,22,23
629,10,5,589,0,492,22,23
630,10,5,469,1,492,22,23
631,10,5,450,1,492,22,23
632,10,5,468,1,492,22,23
633,10,5,537,0,492,22,23
634,10,5,508,0,492,22,23
635,10,5,502,0,492,22,23
636,10,5,567,0,492,22,23
637,10,5,458,1,492,22,23
638,10,5,600,0,492,22,23
639,10,5,515,0,492,22,23
640,10,5,478,1,492,22,23
641,10,5,555,0,492,22,23
642,10,5,455,1,492,22,23
643,10,5,589,0,492,22,23
644,10,6,578,0,492,22,20
645,10,6,579,0,492,22,20
646,10,6,567,0,492,22,20
647,10,6,537,0,492,22,20
648,10,6,428,1,492,22,20
649,10,6,524,0,492,22,20
650,10,6,529,0,492,22,20
651,10,6,560,0,492,22,20
652,10,6,521,0,492,22,20
653,10,6,460,1,492,22,20
654,10,6,526,0,492,22,20
655,10,6,620,0,492,22,20
656,10,6,465,1,492,22,20
657,10,6,464,1,492,22,20
658,10,6,490,0,492,22,20
659,10,6,511,0,492,22,20
660,10,6,584,0,492,22,20
661,10,6,447,1,492,22,20
662,10,6,521,0,492,22,20
663,10,6,529,0,492,22,20
664,10,7,508,0,492,22,24
665,10,7,532,0,492,22,24
666,10,7,542,0,492,22,24
667,10,7,432,1,492,22,24
668,10,7,492,0,492,22,24
669,10,7,508,0,492,22,24
670,10,7,510,0,492,22,24
671,10,7,493,0,492,22,24
672,10,7,442,1,492,22,24
673,10,7,471,1,492,22,24
674,10,7,617,0,492,22,24
675,10,7,488,0,492,22,24
676,10,7,569,0,492,22,24
677,10,7,518,0,492,22,24
678,10,7,504,0,492,22,24
679,10,7,544,0,492,22,24
680,10,7,513,0,492,22,24
681,10,7,309,1,492,22,24
682,10,7,485,0,492,22,24
683,10,7,527,0,492,22,24
684,10,7,522,0,492,22,24
685,10,7,517,0,492,22,24
686,10,7,541,0,492,22,24
687,10,7,515,0,492,22,24
688,10,8,465,1,492,22,23
689,10,8,463,1,492,22,23
690,10,8,512,0,492,22,23
691,10,8,484,0,492,22,23
692,10,8,571,0,492,22,23
693,10,8,495,0,492,22,23
694,10,8,503,0,492,22,23
695,10,8,418,1,492,22,23
696,10,8,530,0,492,22,23
697,10,8,572,0,492,22,23
698,10,8,534,0,492,22,23
699,10,8,557,0,492,22,23
700,10,8,540,0,492,22,23
701,10,8,461,1,492,22,23
702,10,8,513,0,492,22,23
703,10,8,418,1,492,22,23
704,10,8,537,0,492,22,23
705,10,8,587,0,492,22,23
706,10,8,525,0,492,22,23
707,10,8,506,0,492,22,23
708,10,8,506,0,492,22,23
709,10,8,520,0,492,22,23
710,10,8,412,1,492,22,23
711,10,9,558,0,492,22,17
712,10,9,543,0,492,22,17
713,10,9,578,0,492,22,17
714,10,9,478,1,492,22,17
715,10,9,540,0,492,22,17
716,10,9,475,1,492,22,17
717,10,9,532,0,492,22,17
718,10,9,536,0,492,22,17
719,10,9,526,0,492,22,17
720,10,9,584,0,492,22,17
721,10,9,496,0,492,22,17
722,10,9,515,0,492,22,17
723,10,9,399,1,492,22,17
724,10,9,644,0,492,22,17
725,10,9,467,1,492,22,17
726,10,9,506,0,492,22,17
727,10,9,551,0,492,22,17
728,10,10,514,0,492,22,24
729,10,10,533,0,492,22,24
730,10,10,477,1,492,22,24
731,10,10,502,0,492,22,24
732,10,10,527,0,492,22,24
733,10,10,538,0,492,22,24
734,10,10,505,0,492,22,24
735,10,10,492,0,492,22,24
736,10,10,531,0,492,22,24
737,10,10,462,1,492,22,24
738,10,10,453,1,492,22,24
739,10,10,598,0,492,22,24
740,10,10,530,0,492,22,24
741,10,10,459,1,492,22,24
742,10,10,483,0,492,22,24
743,10,10,520,0,492,22,24
744,10,10,436,1,492,22,24
745,10,10,541,0,492,22,24
746,10,10,436,1,492,22,24
747,10,10,536,0,492,22,24
748,10,10,486,0,492,22,24
749,10,10,442,1,492,22,24
750,10,10,444,1,492,22,24
751,10,10,537,0,492,22,24
752,10,11,475,1,492,22,21
753,10,11,474,1,492,22,21
754,10,11,504,0,492,22,21
755,10,11,499,0,492,22,21
756,10,11,493,0,492,22,21
757,10,11,385,1,492,22,21
758,10,11,478,1,492,22,21
759,10,11,565,0,492,22,21
760,10,11,461,1,492,22,21
761,10,11,487,0,492,22,21
762,10,11,528,0,492,22,21
763,10,11,460,1,492,22,21
764,10,11,530,0,492,22,21
765,10,11,532,0,492,22,21
766,10,11,644,0,492,22,21
767,10,11,526,0,492,22,21
768,10,11,580,0,492,22,21
769,10,11,543,0,492,22,21
770,10,11,565,0,492,22,21
771,10,11,435,1,492,22,21
772,10,11,467,1,492,22,21
773,10,12,434,1,492,22,27
774,10,12,485,0,492,22,27
775,10,12,490,0,492,22,27
776,10,12,527,0,492,22,27
777,10,12,491,0,492,22,27
778,10,12,493,0,492,22,27
779,10,12,603,0,492,22,27
780,10,12,545,0,492,22,27
781,10,12,498,0,492,22,27
782,10,12,534,0,492,22,27
783,10,12,559,0,492,22,27
784,10,12,495,0,492,22,27
785,10,12,569,0,492,22,27
786,10,12,511,0,492,22,27
787,10,12,505,0,492,22,27
788,10,12,503,0,492,22,27
789,10,12,481,0,492,22,27
790,10,12,526,0,492,22,27
791,10,12,515,0,492,22,27
792,10,12,483,0,492,22,27
793,10,12,521,0,492,22,27
794,10,12,546,0,492,22,27
795,10,12,462,1,492,22,27
796,10,12,485,0,492,22,27
797,10,12,447,1,492,22,27
798,10,12,532,0,492,22,27
799,10,12,515,0,492,22,27
800,10,13,560,0,492,22,21
801,10,13,426,1,492,22,21
802,10,13,531,0,492,22,21
803,10,13,467,1,492,22,21
804,10,13,435,1,492,22,21
805,10,13,535,0,492,22,21
806,10,13,563,0,492,22,21
807,10,13,496,0,492,22,21
808,10,13,502,0,492,22,21
809,10,13,447,1,492,22,21
810,10,13,410,1,492,22,21
811,10,13,511,0,492,22,21
812,10,13,598,0,492,22,21
813,10,13,514,0,492,22,21
814,10,13,485,0,492,22,21
815,10,13,567,0,492,22,21
816,10,13,587,0,492,22,21
817,10,13,535,0,492,22,21
818,10,13,442,1,492,22,21
819,10,13,501,0,492,22,21
820,10,13,490,0,492,22,21
821,10,14,519,0,492,22,21
822,10,14,508,0,492,22,21
823,10,14,494,0,492,22,21
824,10,14,478,1,492,22,21
825,10,14,518,0,492,22,21
826,10,14,485,0,492,22,21
827,10,14,516,0,492,22,21
828,10,14,546,0,492,22,21
829,10,14,508,0,492,22,21
830,10,14,475,1,492,22,21
831,10,14,488,0,492,22,21
832,10,14,423,1,492,22,21
833,10,14,485,0,492,22,21
834,10,14,522,0,492,22,21
835,10,14,450,1,492,22,21
836,10,14,562,0,492,22,21
837,10,14,518,0,492,22,21
838,10,14,506,0,492,22,21
839,10,14,506,0,492,22,21
840,10,14,498,0,492,22,21
841,10,14,568,0,492,22,21
842,10,15,527,0,492,22,32
843,10,15,521,0,492,22,32
844,10,15,491,0,492,22,32
845,10,15,459,1,492,22,32
846,10,15,467,1,492,22,32
847,10,15,562,0,492,22,32
848,10,15,533,0,492,22,32
849,10,15,599,0,492,22,32
850,10,15,493,0,492,22,32
851,10,15,520,0,492,22,32
852,10,15,467,1,492,22,32
853,10,15,465,1,492,22,32
854,10,15,459,1,492,22,32
855,10,15,443,1,492,22,32
856,10,15,571,0,492,22,32
857,10,15,466,1,492,22,32
858,10,15,529,0,492,22,32
859,10,15,597,0,492,22,32
860,10,15,478,1,492,22,32
861,10,15,574,0,492,22,32
862,10,15,462,1,492,22,32
863,10,15,518,0,492,22,32
864,10,15,464,1,492,22,32
865,10,15,489,0,492,22,32
866,10,15,476,1,492,22,32
867,10,15,543,0,492,22,32
868,10,15,535,0,492,22,32
869,10,15,511,0,492,22,32
870,10,15,558,0,492,22,32
871,10,15,594,0,492,22,32
872,10,15,506,0,492,22,32
873,10,15,574,0,492,22,32
874,10,16,455,1,492,22,19
875,10,16,438,1,492,22,19
876,10,16,508,0,492,22,19
877,10,16,446,1,492,22,19
878,10,16,500,0,492,22,19
879,10,16,451,1,492,22,19
880,10,16,461,1,492,22,19
881,10,16,464,1,492,22,19
882,10,16,503,0,492,22,19
883,10,16,479,1,492,22,19
884,10,16,480,0,492,22,19
885,10,16,610,0,492,22,19
886,10,16,523,0,492,22,19
887,10,16,543,0,492,22,19
888,10,16,427,1,492,22,19
889,10,16,514,0,492,22,19
890,10,16,521,0,492,22,19
891,10,16,481,0,492,22,19
892,10,16,572,0,492,22,19
893,10,17,501,0,492,22,25
894,10,17,437,1,492,22,25
895,10,17,524,0,492,22,25
896,10,17,564,0,492,22,25
897,10,17,475,1,492,22,25
898,10,17,496,0,492,22,25
899,10,17,415,1,492,22,25
900,10,17,389,1,492,22,25
901,10,17,463,1,492,22,25
902,10,17,459,1,492,22,25
903,10,17,526,0,492,22,25
904,10,17,470,1,492,22,25
905,10,17,566,0,492,22,25
906,10,17,470,1,492,22,25
907,10,17,506,0,492,22,25
908,10,17,554,0,492,22,25
909,10,17,481,0,492,22,25
910,10,17,472,1,492,22,25
911,10,17,477,1,492,22,25
912,10,17,557,0,492,22,25
913,10,17,443,1,492,22,25
914,10,17,500,0,492,22,25
915,10,17,572,0,492,22,25
916,10,17,456,1,492,22,25
917,10,17,458,1,492,22,25
918,10,18,480,0,492,22,23
919,10,18,541,0,492,22,23
920,10,18,560,0,492,22,23
921,10,18,443,1,492,22,23
922,10,18,515,0,492,22,23
923,10,18,512,0,492,22,23
924,10,18,404,1,492,22,23
925,10,18,484,0,492,22,23
926,10,18,502,0,492,22,23
927,10,18,513,0,492,22,23
928,10,18,555,0,492,22,23
929,10,18,423,1,492,22,23
930,10,18,507,0,492,22,23
931,10,18,565,0,492,22,23
932,10,18,525,0,492,22,23
933,10,18,511,0,492,22,23
934,10,18,472,1,492,22,23
935,10,18,543,0,492,22,23
936,10,18,474,1,492,22,23
937,10,18,436,1,492,22,23
938,10,18,444,1,492,22,23
939,10,18,394,1,492,22,23
940,10,18,420,1,492,22,23
941,10,19,486,0,492,22,24
942,10,19,543,0,492,22,24
943,10,19,361,1,492,22,24
944,10,19,410,1,492,22,24
945,10,19,426,1,492,22,24
946,10,19,398,1,492,22,24
947,10,19,451,1,492,22,24
948,10,19,480,0,492,22,24
949,10,19,455,1,492,22,24
950,10,19,457,1,492,22,24
951,10,19,380,1,492,22,24
952,10,19,477,1,492,22,24
953,10,19,446,1,492,22,24
954,10,19,571,0,492,22,24
955,10,19,502,0,492,22,24
956,10,19,524,0,492,22,24
957,10,19,499,0,492,22,24
958,10,19,487,0,492,22,24
959,10,19,525,0,492,22,24
960,10,19,517,0,492,22,24
961,10,19,413,1,492,22,24
962,10,19,469,1,492,22,24
963,10,19,540,0,492,22,24
964,10,19,518,0,492,22,24
965,10,20,475,1,492,22,27
966,10,20,404,1,492,22,27
967,10,20,508,0,492,22,27
968,10,20,436,1,492,22,27
969,10,20,562,0,492,22,27
970,10,20,571,0,492,22,27
971,10,20,489,0,492,22,27
972,10,20,469,1,492,22,27
973,10,20,604,0,492,22,27
974,10,20,529,0,492,22,27
975,10,20,571,0,492,22,27
976,10,20,446,1,492,22,27
977,10,20,524,0,492,22,27
978,10,20,541,0,492,22,27
979,10,20,442,1,492,22,27
980,10,20,577,0,492,22,27
981,10,20,532,0,492,22,27
982,10,20,461,1,492,22,27
983,10,20,448,1,492,22,27
984,10,20,406,1,492,22,27
985,10,20,445,1,492,22,27
986,10,20,451,1,492,22,27
987,10,20,581,0,492,22,27
988,10,20,532,0,492,22,27
989,10,20,561,0,492,22,27
990,10,20,533,0,492,22,27
991,10,20,545,0,492,22,27
992,10,21,565,0,492,22,19
993,10,21,485,0,492,22,19
994,10,21,523,0,492,22,19
995,10,21,514,0,492,22,19
996,10,21,500,0,492,22,19
997,10,21,412,1,492,22,19
998,10,21,528,0,492,22,19
999,10,21,561,0,492,22,19
1000,10,21,461,1,492,22,19
1001,10,21,502,0,492,22,19
1002,10,21,517,0,492,22,19
1003,10,21,532,0,492,22,19
1004,10,21,451,1,492,22,19
1005,10,21,566,0,492,22,19
1006,10,21,567,0,492,22,19
1007,10,21,575,0,492,22,19
1008,10,21,588,0,492,22,19
1009,10,21,518,0,492,22,19
1010,10,21,534,0,492,22,19
1011,10,22,489,0,492,22,17
1012,10,22,622,0,492,22,17
1013,10,22,431,1,492,22,17
1014,10,22,604,0,492,22,17
1015,10,22,533,0,492,22,17
1016,10,22,499,0,492,22,17
1017,10,22,447,1,492,22,17
1018,10,22,482,0,492,22,17
1019,10,22,555,0,492,22,17
1020,10,22,544,0,492,22,17
1021,10,22,467,1,492,22,17
1022,10,22,540,0,492,22,17
1023,10,22,511,0,492,22,17
1024,10,22,491,0,492,22,17
1025,10,22,596,0,492,22,17
1026,10,22,516,0,492,22,17
1027,10,22,436,1,492,22,17
1028,11,1,490,1,503,23,22
1029,11,1,514,0,503,23,22
1030,11,1,520,0,503,23,22
1031,11,1,589,0,503,23,22
1032,11,1,523,0,503,23,22
1033,11,1,509,0,503,23,22
1034,11,1,543,0,503,23,22
1035,11,1,501,0,503,23,22
1036,11,1,474,1,503,23,22
1037,11,1,554,0,503,23,22
1038,11,1,461,1,503,23,22
1039,11,1,564,0,503,23,22
1040,11,1,512,0,503,23,22
1041,11,1,549,0,503,23,22
1042,11,1,560,0,503,23,22
1043,11,1,555,0,503,23,22
1044,11,1,512,0,503,23,22
1045,11,1,581,0,503,23,22
1046,11,1,570,0,503,23,22
1047,11,1,537,0,503,23,22
1048,11,1,448,1,503,23,22
1049,11,1,498,1,503,23,22
1050,11,2,523,0,503,23,25
1051,11,2,504,0,503,23,25
1052,11,2,566,0,503,23,25
1053,11,2,537,0,503,23,25
1054,11,2,554,0,503,23,25
1055,11,2,522,0,503,23,25
1056,11,2,491,1,503,23,25
1057,11,2,472,1,503,23,25
1058,11,2,540,0,503,23,25
1059,11,2,484,1,503,23,25
1060,11,2,564,0,503,23,25
1061,11,2,468,1,503,23,25
1062,11,2,600,0,503,23,25
1063,11,2,450,1,503,23,25
1064,11,2,552,0,503,23,25
1065,11,2,491,1,503,23,25
1066,11,2,532,0,503,23,25
1067,11,2,530,0,503,23,25
1068,11,2,505,0,503,23,25
1069,11,2,551,0,503,23,25
1070,11,2,551,0,503,23,25
1071,11,2,446,1,503,23,25
1072,11,2,466,1,503,23,25
1073,11,2,492,1,503,23,25
1074,11,2,473,1,503,23,25
1075,11,3,560,0,503,23,23
1076,11,3,492,1,503,23,23
1077,11,3,514,0,503,23,23
1078,11,3,487,1,503,23,23
1079,11,3,583,0,503,23,23
1080,11,3,574,0,503,23,23
1081,11,3,470,1,503,23,23
1082,11,3,509,0,503,23,23
1083,11,3,501,0,503,23,23
1084,11,3,474,1,503,23,23
1085,11,3,490,1,503,23,23
1086,11,3,559,0,503,23,23
1087,11,3,524,0,503,23,23
1088,11,3,528,0,503,23,23
1089,11,3,604,0,503,23,23
1090,11,3,511,0,503,23,23
1091,11,3,507,0,503,23,23
1092,11,3,473,1,503,23,23
1093,11,3,539,0,503,23,23
1094,11,3,510,0,503,23,23
1095,11,3,484,1,503,23,23
1096,11,3,613,0,503,23,23
1097,11,3,516,0,503,23,23
1098,11,4,482,1,503,23,19
1099,11,4,616,0,503,23,19
1100,11,4,594,0,503,23,19
1101,11,4,581,0,503,23,19
1102,11,4,543,0,503,23,19
1103,11,4,584,0,503,23,19
1104,11,4,414,1,503,23,19
1105,11,4,438,1,503,23,19
1106,11,4,530,0,503,23,19
1107,11,4,577,0,503,23,19
1108,11,4,503,0,503,23,19
1109,11,4,479,1,503,23,19
1110,11,4,531,0,503,23,19
1111,11,4,568,0,503,23,19
1112,11,4,522,0,503,23,19
1113,11,4,531,0,503,23,19
1114,11,4,509,0,503,23,19
1115,11,4,500,0,503,23,19
1116,11,4,552,0,503,23,19
1117,11,5,508,0,503,23,20
1118,11,5,522,0,503,23,20
1119,11,5,477,1,503,23,20
1120,11,5,423,1,503,23,20
1121,11,5,527,0,503,23,20
1122,11,5,501,0,503,23,20
1123,11,5,552,0,503,23,20
1124,11,5,486,1,503,23,20
1125,11,5,491,1,503,23,20
1126,11,5,516,0,503,23,20
1127,11,5,564,0,503,23,20
1128,11,5,575,0,503,23,20
1129,11,5,519,0,503,23,20
1130,11,5,610,0,503,23,20
1131,11,5,566,0,503,23,20
1132,11,5,379,1,503,23,20
1133,11,5,476,1,503,23,20
1134,11,5,638,0,503,23,20
1135,11,5,504,0,503,23,20
1136,11,5,439,1,503,23,20
1137,11,6,507,0,503,23,23
1138,11,6,448,1,503,23,23
1139,11,6,375,1,503,23,23
1140,11,6,477,1,503,23,23
1141,11,6,493,1,503,23,23
1142,11,6,473,1,503,23,23
1143,11,6,511,0,503,23,23
1144,11,6,448,1,503,23,23
1145,11,6,580,0,503,23,23
1146,11,6,526,0,503,23,23
1147,11,6,524,0,503,23,23
1148,11,6,533,0,503,23,23
1149,11,6,599,0,503,23,23
1150,11,6,462,1,503,23,23
1151,11,6,472,1,503,23,23
1152,11,6,568,0,503,23,23
1153,11,6,475,1,503,23,23
1154,11,6,552,0,503,23,23
1155,11,6,522,0,503,23,23
1156,11,6,511,0,503,23,23
1157,11,6,553,0,503,23,23
1158,11,6,474,1,503,23,23
1159,11,6,526,0,503,23,23
1160,11,7,554,0,503,23,22
1161,11,7,510,0,503,23,22
1162,11,7,487,1,503,23,22
1163,11,7,589,0,503,23,22
1164,11,7,577,0,503,23,22
1165,11,7,535,0,503,23,22
1166,11,7,538,0,503,23,22
1167,11,7,464,1,503,23,22
1168,11,7,541,0,503,23,22
1169,11,7,524,0,503,23,22
1170,11,7,538,0,503,23,22
1171,11,7,468,1,503,23,22
1172,11,7,575,0,503,23,22
1173,11,7,577,0,503,23,22
1174,11,7,512,0,503,23,22
1175,11,7,502,0,503,23,22
1176,11,7,449,1,503,23,22
1177,11,7,584,0,503,23,22
1178,11,7,452,1,503,23,22
1179,11,7,449,1,503,23,22
1180,11,7,523,0,503,23,22
1181,11,7,477,1,503,23,22
1182,11,8,579,0,503,23,21
1183,11,8,450,1,503,23,21
1184,11,8,509,0,503,23,21
1185,11,8,513,0,503,23,21
1186,11,8,450,1,503,23,21
1187,11,8,422,1,503,23,21
1188,11,8,452,1,503,23,21
1189,11,8,561,0,503,23,21
1190,11,8,478,1,503,23,21
1191,11,8,493,1,503,23,21
1192,11,8,493,1,503,23,21
1193,11,8,389,1,503,23,21
1194,11,8,437,1,503,23,21
1195,11,8,539,0,503,23,21
1196,11,8,505,0,503,23,21
1197,11,8,458,1,503,23,21
1198,11,8,454,1,503,23,21
1199,11,8,500,0,503,23,21
1200,11,8,610,0,503,23,21
1201,11,8,524,0,503,23,21
1202,11,8,489,1,503,23,21
1203,11,9,473,1,503,23,29
1204,11,9,502,0,503,23,29
1205,11,9,596,0,503,23,29
1206,11,9,550,0,503,23,29
1207,11,9,463,1,503,23,29
1208,11,9,480,1,503,23,29
1209,11,9,532,0,503,23,29
1210,11,9,451,1,503,23,29
1211,11,9,496,1,503,23,29
1212,11,9,557,0,503,23,29
1213,11,9,489,1,503,23,29
1214,11,9,464,1,503,23,29
1215,11,9,548,0,503,23,29
1216,11,9,487,1,503,23,29
1217,11,9,633,0,503,23,29
1218,11,9,461,1,503,23,29
1219,11,9,537,0,503,23,29
1220,11,9,470,1,503,23,29
1221,11,9,501,0,503,23,29
1222,11,9,552,0,503,23,29
1223,11,9,591,0,503,23,29
1224,11,9,479,1,503,23,29
1225,11,9,542,0,503,23,29
1226,11,9,521,0,503,23,29
1227,11,9,581,0,503,23,29
1228,11,9,557,0,503,23,29
1229,11,9,573,0,503,23,29
1230,11,9,550,0,503,23,29
1231,11,9,568,0,503,23,29
1232,11,10,500,0,503,23,17
1233,11,10,495,1,503,23,17
1234,11,10,594,0,503,23,17
1235,11,10,527,0,503,23,17
1236,11,10,403,1,503,23,17
1237,11,10,653,0,503,23,17
1238,11,10,590,0,503,23,17
1239,11,10,376,1,503,23,17
1240,11,10,537,0,503,23,17
1241,11,10,483,1,503,23,17
1242,11,10,543,0,503,23,17
1243,11,10,500,0,503,23,17
1244,11,10,553,0,503,23,17
1245,11,10,632,0,503,23,17
1246,11,10,463,1,503,23,17
1247,11,10,480,1,503,23,17
1248,11,10,432,1,503,23,17
1249,11,11,544,0,503,23,21
1250,11,11,567,0,503,23,21
1251,11,11,446,1,503,23,21
1252,11,11,467,1,503,23,21
1253,11,11,524,0,503,23,21
1254,11,11,472,1,503,23,21
1255,11,11,516,0,503,23,21
1256,11,11,520,0,503,23,21
1257,11,11,563,0,503,23,21
1258,11,11,479,1,503,23,21
1259,11,11,455,1,503,23,21
1260,11,11,563,0,503,23,21
1261,11,11,567,0,503,23,21
1262,11,11,605,0,503,23,21
1263,11,11,496,1,503,23,21
1264,11,11,480,1,503,23,21
1265,11,11,477,1,503,23,21
1266,11,11,514,0,503,23,21
1267,11,11,532,0,503,23,21
1268,11,11,604,0,503,23,21
1269,11,11,505,0,503,23,21
1270,11,12,632,0,503,23,30
1271,11,12,519,0,503,23,30
1272,11,12,627,0,503,23,30
1273,11,12,487,1,503,23,30
1274,11,12,433,1,503,23,30
1275,11,12,513,0,503,23,30
1276,11,12,516,0,503,23,30
1277,11,12,519,0,503,23,30
1278,11,12,476,1,503,23,30
1279,11,12,553,0,503,23,30
1280,11,12,494,1,503,23,30
1281,11,12,556,0,503,23,30
1282,11,12,540,0,503,23,30
1283,11,12,545,0,503,23,30
1284,11,12,522,0,503,23,30
1285,11,12,486,1,503,23,30
1286,11,12,454,1,503,23,30
1287,11,12,495,1,503,23,30
1288,11,12,454,1,503,23,30
1289,11,12,413,1,503,23,30
1290,11,12,546,0,503,23,30
1291,11,12,511,0,503,23,30
1292,11,12,478,1,503,23,30
1293,11,12,512,0,503,23,30
1294,11,12,526,0,503,23,30
1295,11,12,429,1,503,23,30
1296,11,12,462,1,503,23,30
1297,11,12,528,0,503,23,30
1298,11,12,524,0,503,23,30
1299,11,12,452,1,503,23,30
1300,11,13,462,1,503,23,23
1301,11,13,525,0,503,23,23
1302,11,13,564,0,503,23,23
1303,11,13,427,1,503,23,23
1304,11,13,456,1,503,23,23
1305,11,13,436,1,503,23,23
1306,11,13,522,0,503,23,23
1307,11,13,436,1,503,23,23
1308,11,13,480,1,503,23,23
1309,11,13,495,1,503,23,23
1310,11,13,557,0,503,23,23
1311,11,13,513,0,503,23,23
1312,11,13,526,0,503,23,23
1313,11,13,488,1,503,23,23
1314,11,13,552,0,503,23,23
1315,11,13,441,1,503,23,23
1316,11,13,389,1,503,23,23
1317,11,13,548,0,503,23,23
1318,11,13,552,0,503,23,23
1319,11,13,528,0,503,23,23
1320,11,13,576,0,503,23,23
1321,11,13,498,1,503,23,23
1322,11,13,489,1,503,23,23
1323,11,14,490,1,503,23,23
1324,11,14,570,0,503,23,23
1325,11,14,535,0,503,23,23
1326,11,14,435,1,503,23,23
1327,11,14,452,1,503,23,23
1328,11,14,544,0,503,23,23
1329,11,14,527,0,503,23,23
1330,11,14,560,0,503,23,23
1331,11,14,486,1,503,23,23
1332,11,14,559,0,503,23,23
1333,11,14,497,1,503,23,23
1334,11,14,556,0,503,23,23
1335,11,14,601,0,503,23,23
1336,11,14,490,1,503,23,23
1337,11,14,515,0,503,23,23
1338,11,14,545,0,503,23,23
1339,11,14,507,0,503,23,23
1340,11,14,559,0,503,23,23
1341,11,14,475,1,503,23,23
1342,11,14,516,0,503,23,23
1343,11,14,539,0,503,23,23
1344,11,14,515,0,503,23,23
1345,11,14,500,0,503,23,23
1346,11,15,530,0,503,23,20
1347,11,15,451,1,503,23,20
1348,11,15,540,0,503,23,20
1349,11,15,552,0,503,23,20
1350,11,15,513,0,503,23,20
1351,11,15,463,1,503,23,20
1352,11,15,453,1,503,23,20
1353,11,15,498,1,503,23,20
1354,11,15,513,0,503,23,20
1355,11,15,495,1,503,23,20
1356,11,15,591,0,503,23,20
1357,11,15,549,0,503,23,20
1358,11,15,579,0,503,23,20
1359,11,15,461,1,503,23,20
1360,11,15,550,0,503,23,20
1361,11,15,506,0,503,23,20
1362,11,15,502,0,503,23,20
1363,11,15,536,0,503,23,20
1364,11,15,566,0,503,23,20
1365,11,15,566,0,503,23,20
1366,11,16,587,0,503,23,18
1367,11,16,514,0,503,23,18
1368,11,16,521,0,503,23,18
1369,11,16,486,1,503,23,18
1370,11,16,519,0,503,23,18
1371,11,16,541,0,503,23,18
1372,11,16,609,0,503,23,18
1373,11,16,557,0,503,23,18
1374,11,16,460,1,503,23,18
1375,11,16,448,1,503,23,18
1376,11,16,589,0,503,23,18
1377,11,16,459,1,503,23,18
1378,11,16,493,1,503,23,18
1379,11,16,554,0,503,23,18
1380,11,16,560,0,503,23,18
1381,11,16,475,1,503,23,18
1382,11,16,557,0,503,23,18
1383,11,16,501,0,503,23,18
1384,11,17,518,0,503,23,18
1385,11,17,557,0,503,23,18
1386,11,17,592,0,503,23,18
1387,11,17,451,1,503,23,18
1388,11,17,492,1,503,23,18
1389,11,17,459,1,503,23,18
1390,11,17,534,0,503,23,18
1391,11,17,509,0,503,23,18
1392,11,17,577,0,503,23,18
1393,11,17,465,1,503,23,18
1394,11,17,445,1,503,23,18
1395,11,17,422,1,503,23,18
1396,11,17,490,1,503,23,18
1397,11,17,479,1,503,23,18
1398,11,17,587,0,503,23,18
1399,11,17,513,0,503,23,18
1400,11,17,559,0,503,23,18
1401,11,17,570,0,503,23,18
1402,11,18,479,1,503,23,24
1403,11,18,480,1,503,23,24
1404,11,18,492,1,503,23,24
1405,11,18,653,0,503,23,24
1406,11,18,544,0,503,23,24
1407,11,18,559,0,503,23,24
1408,11,18,547,0,503,23,24
1409,11,18,512,0,503,23,24
1410,11,18,460,1,503,23,24
1411,11,18,500,0,503,23,24
1412,11,18,407,1,503,23,24
1413,11,18,526,0,503,23,24
1414,11,18,477,1,503,23,24
1415,11,18,551,0,503,23,24
1416,11,18,472,1,503,23,24
1417,11,18,534,0,503,23,24
1418,11,18,551,0,503,23,24
1419,11,18,475,1,503,23,24
1420,11,18,529,0,503,23,24
1421,11,18,462,1,503,23,24
1422,11,18,613,0,503,23,24
1423,11,18,556,0,503,23,24
1424,11,18,551,0,503,23,24
1425,11,18,449,1,503,23,24
1426,11,19,591,0,503,23,21
1427,11,19,515,0,503,23,21
1428,11,19,569,0,503,23,21
1429,11,19,492,1,503,23,21
1430,11,19,595,0,503,23,21
1431,11,19,546,0,503,23,21
1432,11,19,518,0,503,23,21
1433,11,19,576,0,503,23,21
1434,11,19,492,1,503,23,21
1435,11,19,544,0,503,23,21
1436,11,19,447,1,503,23,21
1437,11,19,588,0,503,23,21
1438,11,19,550,0,503,23,21
1439,11,19,448,1,503,23,21
1440,11,19,528,0,503,23,21
1441,11,19,563,0,503,23,21
1442,11,19,464,1,503,23,21
1443,11,19,546,0,503,23,21
1444,11,19,501,0,503,23,21
1445,11,19,541,0,503,23,21
1446,11,19,552,0,503,23,21
1447,11,20,534,0,503,23,28
1448,11,20,551,0,503,23,28
1449,11,20,500,0,503,23,28
1450,11,20,548,0,503,23,28
1451,11,20,492,1,503,23,28
1452,11,20,526,0,503,23,28
1453,11,20,506,0,503,23,28
1454,11,20,510,0,503,23,28
1455,11,20,526,0,503,23,28
1456,11,20,569,0,503,23,28
1457,11,20,560,0,503,23,28
1458,11,20,507,0,503,23,28
1459,11,20,506,0,503,23,28
1460,11,20,456,1,503,23,28
1461,11,20,504,0,503,23,28
1462,11,20,509,0,503,23,28
1463,11,20,558,0,503,23,28
1464,11,20,457,1,503,23,28
1465,11,20,549,0,503,23,28
1466,11,20,502,0,503,23,28
1467,11,20,541,0,503,23,28
1468,11,20,610,0,503,23,28
1469,11,20,535,0,503,23,28
1470,11,20,519,0,503,23,28
1471,11,20,470,1,503,23,28
1472,11,20,556,0,503,23,28
1473,11,20,629,0,503,23,28
1474,11,20,502,0,503,23,28
1475,11,21,580,0,503,23,22
1476,11,21,587,0,503,23,22
1477,11,21,551,0,503,23,22
1478,11,21,545,0,503,23,22
1479,11,21,500,0,503,23,22
1480,11,21,563,0,503,23,22
1481,11,21,529,0,503,23,22
1482,11,21,451,1,503,23,22
1483,11,21,435,1,503,23,22
1484,11,21,537,0,503,23,22
1485,11,21,515,0,503,23,22
1486,11,21,488,1,503,23,22
1487,11,21,450,1,503,23,22
1488,11,21,485,1,503,23,22
1489,11,21,540,0,503,23,22
1490,11,21,481,1,503,23,22
1491,11,21,442,1,503,23,22
1492,11,21,483,1,503,23,22
1493,11,21,528,0,503,23,22
1494,11,21,431,1,503,23,22
1495,11,21,610,0,503,23,22
1496,11,21,548,0,503,23,22
1497,11,22,534,0,503,23,18
1498,11,22,498,1,503,23,18
1499,11,22,426,1,503,23,18
1500,11,22,545,0,503,23,18
1501,11,22,479,1,503,23,18
1502,11,22,473,1,503,23,18
1503,11,22,521,0,503,23,18
1504,11,22,495,1,503,23,18
1505,11,22,529,0,503,23,18
1506,11,22,417,1,503,23,18
1507,11,22,536,0,503,23,18
1508,11,22,542,0,503,23,18
1509,11,22,522,0,503,23,18
1510,11,22,534,0,503,23,18
1511,11,22,467,1,503,23,18
1512,11,22,590,0,503,23,18
1513,11,22,474,1,503,23,18
1514,11,22,486,1,503,23,18
1515,11,23,585,0,503,23,16
1516,11,23,516,0,503,23,16
1517,11,23,542,0,503,23,16
1518,11,23,465,1,503,23,16
1519,11,23,490,1,503,23,16
1520,11,23,433,1,503,23,16
1521,11,23,601,0,503,23,16
1522,11,23,489,1,503,23,16
1523,11,23,433,1,503,23,16
1524,11,23,478,1,503,23,16
1525,11,23,506,0,503,23,16
1526,11,23,543,0,503,23,16
1527,11,23,543,0,503,23,16
1528,11,23,549,0,503,23,16
1529,11,23,454,1,503,23,16
1530,11,23,406,1,503,23,16
1531,12,1,554,0,473,21,16
1532,12,1,612,0,473,21,16
1533,12,1,567,0,473,21,16
1534,12,1,537,0,473,21,16
1535,12,1,553,0,473,21,16
1536,12,1,514,1,473,21,16
1537,12,1,541,0,473,21,16
1538,12,1,518,1,473,21,16
1539,12,1,534,0,473,21,16
1540,12,1,543,0,473,21,16
1541,12,1,592,0,473,21,16
1542,12,1,615,0,473,21,16
1543,12,1,515,1,473,21,16
1544,12,1,560,0,473,21,16
1545,12,1,560,0,473,21,16
1546,12,1,543,0,473,21,16
1547,12,2,538,0,473,21,22
1548,12,2,552,0,473,21,22
1549,12,2,672,0,473,21,22
1550,12,2,563,0,473,21,22
1551,12,2,491,1,473,21,22
1552,12,2,499,1,473,21,22
1553,12,2,483,1,473,21,22
1554,12,2,476,1,473,21,22
1555,12,2,511,1,473,21,22
1556,12,2,559,0,473,21,22
1557,12,2,488,1,473,21,22
1558,12,2,586,0,473,21,22
1559,12,2,519,1,473,21,22
1560,12,2,688,0,473,21,22
1561,12,2,450,1,473,21,22
1562,12,2,504,1,473,21,22
1563,12,2,525,0,473,21,22
1564,12,2,504,1,473,21,22
1565,12,2,510,1,473,21,22
1566,12,2,535,0,473,21,22
1567,12,2,572,0,473,21,22
1568,12,2,532,0,473,21,22
1569,12,3,530,0,473,21,25
1570,12,3,511,1,473,21,25
1571,12,3,565,0,473,21,25
1572,12,3,625,0,473,21,25
1573,12,3,536,0,473,21,25
1574,12,3,516,1,473,21,25
1575,12,3,545,0,473,21,25
1576,12,3,445,1,473,21,25
1577,12,3,504,1,473,21,25
1578,12,3,521,0,473,21,25
1579,12,3,621,0,473,21,25
1580,12,3,568,0,473,21,25
1581,12,3,569,0,473,21,25
1582,12,3,457,1,473,21,25
1583,12,3,522,0,473,21,25
1584,12,3,581,0,473,21,25
1585,12,3,578,0,473,21,25
1586,12,3,411,1,473,21,25
1587,12,3,632,0,473,21,25
1588,12,3,543,0,473,21,25
1589,12,3,572,0,473,21,25
1590,12,3,522,0,473,21,25
1591,12,3,477,1,473,21,25
1592,12,3,518,1,473,21,25
1593,12,3,526,0,473,21,25
1594,12,4,506,1,473,21,19
1595,12,4,579,0,473,21,19
1596,12,4,628,0,473,21,19
1597,12,4,509,1,473,21,19
1598,12,4,587,0,473,21,19
1599,12,4,609,0,473,21,19
1600,12,4,560,0,473,21,19
1601,12,4,552,0,473,21,19
1602,12,4,579,0,473,21,19
1603,12,4,514,1,473,21,19
1604,12,4,496,1,473,21,19
1605,12,4,580,0,473,21,19
1606,12,4,486,1,473,21,19
1607,12,4,492,1,473,21,19
1608,12,4,541,0,473,21,19
1609,12,4,580,0,473,21,19
1610,12,4,586,0,473,21,19
1611,12,4,630,0,473,21,19
1612,12,4,604,0,473,21,19
1613,12,5,596,0,473,21,23
1614,12,5,580,0,473,21,23
1615,12,5,527,0,473,21,23
1616,12,5,603,0,473,21,23
1617,12,5,673,0,473,21,23
1618,12,5,580,0,473,21,23
1619,12,5,489,1,473,21,23
1620,12,5,585,0,473,21,23
1621,12,5,538,0,473,21,23
1622,12,5,561,0,473,21,23
1623,12,5,590,0,473,21,23
1624,12,5,630,0,473,21,23
1625,12,5,508,1,473,21,23
1626,12,5,613,0,473,21,23
1627,12,5,705,0,473,21,23
1628,12,5,589,0,473,21,23
1629,12,5,575,0,473,21,23
1630,12,5,558,0,473,21,23
1631,12,5,542,0,473,21,23
1632,12,5,573,0,473,21,23
1633,12,5,615,0,473,21,23
1634,12,5,537,0,473,21,23
1635,12,5,438,1,473,21,23
1636,12,6,473,1,473,21,21
1637,12,6,463,1,473,21,21
1638,12,6,512,1,473,21,21
1639,12,6,550,0,473,21,21
1640,12,6,545,0,473,21,21
1641,12,6,517,1,473,21,21
1642,12,6,583,0,473,21,21
1643,12,6,542,0,473,21,21
1644,12,6,582,0,473,21,21
1645,12,6,480,1,473,21,21
1646,12,6,490,1,473,21,21
1647,12,6,488,1,473,21,21
1648,12,6,572,0,473,21,21
1649,12,6,480,1,473,21,21
1650,12,6,437,1,473,21,21
1651,12,6,536,0,473,21,21
1652,12,6,622,0,473,21,21
1653,12,6,511,1,473,21,21
1654,12,6,490,1,473,21,21
1655,12,6,528,0,473,21,21
1656,12,6,510,1,473,21,21
1657,12,7,559,0,473,21,21
1658,12,7,545,0,473,21,21
1659,12,7,584,0,473,21,21
1660,12,7,492,1,473,21,21
1661,12,7,438,1,473,21,21
1662,12,7,581,0,473,21,21
1663,12,7,505,1,473,21,21
1664,12,7,516,1,473,21,21
1665,12,7,566,0,473,21,21
1666,12,7,509,1,473,21,21
1667,12,7,565,0,473,21,21
1668,12,7,504,1,473,21,21
1669,12,7,496,1,473,21,21
1670,12,7,516,1,473,21,21
1671,12,7,635,0,473,21,21
1672,12,7,449,1,473,21,21
1673,12,7,616,0,473,21,21
1674,12,7,660,0,473,21,21
1675,12,7,556,0,473,21,21
1676,12,7,492,1,473,21,21
1677,12,7,566,0,473,21,21
1678,12,8,523,0,473,21,28
1679,12,8,510,1,473,21,28
1680,12,8,522,0,473,21,28
1681,12,8,470,1,473,21,28
1682,12,8,558,0,473,21,28
1683,12,8,408,1,473,21,28
1684,12,8,539,0,473,21,28
1685,12,8,518,1,473,21,28
1686,12,8,472,1,473,21,28
1687,12,8,516,1,473,21,28
1688,12,8,488,1,473,21,28
1689,12,8,508,1,473,21,28
1690,12,8,494,1,473,21,28
1691,12,8,578,0,473,21,28
1692,12,8,552,0,473,21,28
1693,12,8,555,0,473,21,28
1694,12,8,536,0,473,21,28
1695,12,8,634,0,473,21,28
1696,12,8,511,1,473,21,28
1697,12,8,507,1,473,21,28
1698,12,8,557,0,473,21,28
1699,12,8,491,1,473,21,28
1700,12,8,591,0,473,21,28
1701,12,8,548,0,473,21,28
1702,12,8,455,1,473,21,28
1703,12,8,552,0,473,21,28
1704,12,8,508,1,473,21,28
1705,12,8,527,0,473,21,28
1706,12,9,482,1,473,21,18
1707,12,9,493,1,473,21,18
1708,12,9,619,0,473,21,18
1709,12,9,503,1,473,21,18
1710,12,9,489,1,473,21,18
1711,12,9,635,0,473,21,18
1712,12,9,462,1,473,21,18
1713,12,9,558,0,473,21,18
1714,12,9,558,0,473,21,18
1715,12,9,481,1,473,21,18
1716,12,9,460,1,473,21,18
1717,12,9,585,0,473,21,18
1718,12,9,518,1,473,21,18
1719,12,9,506,1,473,21,18
1720,12,9,517,1,473,21,18
1721,12,9,611,0,473,21,18
1722,12,9,539,0,473,21,18
1723,12,9,505,1,473,21,18
1724,12,10,562,0,473,21,22
1725,12,10,571,0,473,21,22
1726,12,10,565,0,473,21,22
1727,12,10,556,0,473,21,22
1728,12,10,586,0,473,21,22
1729,12,10,612,0,473,21,22
1730,12,10,532,0,473,21,22
1731,12,10,520,0,473,21,22
1732,12,10,492,1,473,21,22
1733,12,10,569,0,473,21,22
1734,12,10,575,0,473,21,22
1735,12,10,463,1,473,21,22
1736,12,10,403,1,473,21,22
1737,12,10,560,0,473,21,22
1738,12,10,562,0,473,21,22
1739,12,10,603,0,473,21,22
1740,12,10,555,0,473,21,22
1741,12,10,545,0,473,21,22
1742,12,10,562,0,473,21,22
1743,12,10,580,0,473,21,22
1744,12,10,466,1,473,21,22
1745,12,10,527,0,473,21,22
1746,12,11,471,1,473,21,24
1747,12,11,570,0,473,21,24
1748,12,11,544,0,473,21,24
1749,12,11,493,1,473,21,24
1750,12,11,545,0,473,21,24
1751,12,11,568,0,473,21,24
1752,12,11,449,1,473,21,24
1753,12,11,427,1,473,21,24
1754,12,11,486,1,473,21,24
1755,12,11,560,0,473,21,24
1756,12,11,472,1,473,21,24
1757,12,11,528,0,473,21,24
1758,12,11,505,1,473,21,24
1759,12,11,543,0,473,21,24
1760,12,11,663,0,473,21,24
1761,12,11,541,0,473,21,24
1762,12,11,540,0,473,21,24
1763,12,11,600,0,473,21,24
1764,12,11,538,0,473,21,24
1765,12,11,511,1,473,21,24
1766,12,11,630,0,473,21,24
1767,12,11,599,0,473,21,24
1768,12,11,572,0,473,21,24
1769,12,11,510,1,473,21,24
1770,12,12,542,0,473,21,25
1771,12,12,559,0,473,21,25
1772,12,12,596,0,473,21,25
1773,12,12,609,0,473,21,25
1774,12,12,551,0,473,21,25
1775,12,12,521,0,473,21,25
1776,12,12,447,1,473,21,25
1777,12,12,598,0,473,21,25
1778,12,12,605,0,473,21,25
1779,12,12,578,0,473,21,25
1780,12,12,618,0,473,21,25
1781,12,12,578,0,473,21,25
1782,12,12,607,0,473,21,25
1783,12,12,570,0,473,21,25
1784,12,12,597,0,473,21,25
1785,12,12,499,1,473,21,25
1786,12,12,484,1,473,21,25
1787,12,12,481,1,473,21,25
1788,12,12,625,0,473,21,25
1789,12,12,499,1,473,21,25
1790,12,12,509,1,473,21,25
1791,12,12,595,0,473,21,25
1792,12,12,581,0,473,21,25
1793,12,12,559,0,473,21,25
1794,12,12,618,0,473,21,25
1795,12,13,611,0,473,21,21
1796,12,13,536,0,473,21,21
1797,12,13,537,0,473,21,21
1798,12,13,557,0,473,21,21
1799,12,13,533,0,473,21,21
1800,12,13,612,0,473,21,21
1801,12,13,530,0,473,21,21
1802,12,13,517,1,473,21,21
1803,12,13,614,0,473,21,21
1804,12,13,545,0,473,21,21
1805,12,13,515,1,473,21,21
1806,12,13,529,0,473,21,21
1807,12,13,553,0,473,21,21
1808,12,13,537,0,473,21,21
1809,12,13,577,0,473,21,21
1810,12,13,486,1,473,21,21
1811,12,13,534,0,473,21,21
1812,12,13,559,0,473,21,21
1813,12,13,498,1,473,21,21
1814,12,13,472,1,473,21,21
1815,12,13,490,1,473,21,21
1816,12,14,542,0,473,21,23
1817,12,14,557,0,473,21,23
1818,12,14,477,1,473,21,23
1819,12,14,566,0,473,21,23
1820,12,14,564,0,473,21,23
1821,12,14,573,0,473,21,23
1822,12,14,534,0,473,21,23
1823,12,14,570,0,473,21,23
1824,12,14,566,0,473,21,23
1825,12,14,578,0,473,21,23
1826,12,14,444,1,473,21,23
1827,12,14,546,0,473,21,23
1828,12,14,499,1,473,21,23
1829,12,14,571,0,473,21,23
1830,12,14,567,0,473,21,23
1831,12,14,441,1,473,21,23
1832,12,14,543,0,473,21,23
1833,12,14,527,0,473,21,23
1834,12,14,531,0,473,21,23
1835,12,14,515,1,473,21,23
1836,12,14,557,0,473,21,23
1837,12,14,467,1,473,21,23
1838,12,14,548,0,473,21,23
1839,12,15,482,1,473,21,18
1840,12,15,474,1,473,21,18
1841,12,15,540,0,473,21,18
1842,12,15,479,1,473,21,18
1843,12,15,562,0,473,21,18
1844,12,15,565,0,473,21,18
1845,12,15,429,1,473,21,18
1846,12,15,554,0,473,21,18
1847,12,15,637,0,473,21,18
1848,12,15,485,1,473,21,18
1849,12,15,447,1,473,21,18
1850,12,15,663,0,473,21,18
1851,12,15,565,0,473,21,18
1852,12,15,551,0,473,21,18
1853,12,15,557,0,473,21,18
1854,12,15,562,0,473,21,18
1855,12,15,523,0,473,21,18
1856,12,15,536,0,473,21,18
1857,12,16,504,1,473,21,21
1858,12,16,664,0,473,21,21
1859,12,16,524,0,473,21,21
1860,12,16,592,0,473,21,21
1861,12,16,570,0,473,21,21
1862,12,16,535,0,473,21,21
1863,12,16,602,0,473,21,21
1864,12,16,600,0,473,21,21
1865,12,16,525,0,473,21,21
1866,12,16,509,1,473,21,21
1867,12,16,577,0,473,21,21
1868,12,16,452,1,473,21,21
1869,12,16,420,1,473,21,21
1870,12,16,560,0,473,21,21
1871,12,16,450,1,473,21,21
1872,12,16,562,0,473,21,21
1873,12,16,504,1,473,21,21
1874,12,16,503,1,473,21,21
1875,12,16,514,1,473,21,21
1876,12,16,579,0,473,21,21
1877,12,16,474,1,473,21,21
1878,12,17,566,0,473,21,28
1879,12,17,530,0,473,21,28
1880,12,17,577,0,473,21,28
1881,12,17,628,0,473,21,28
1882,12,17,524,0,473,21,28
1883,12,17,487,1,473,21,28
1884,12,17,539,0,473,21,28
1885,12,17,515,1,473,21,28
1886,12,17,477,1,473,21,28
1887,12,17,579,0,473,21,28
1888,12,17,455,1,473,21,28
1889,12,17,534,0,473,21,28
1890,12,17,465,1,473,21,28
1891,12,17,613,0,473,21,28
1892,12,17,604,0,473,21,28
1893,12,17,534,0,473,21,28
1894,12,17,576,0,473,21,28
1895,12,17,627,0,473,21,28
1896,12,17,461,1,473,21,28
1897,12,17,502,1,473,21,28
1898,12,17,452,1,473,21,28
1899,12,17,573,0,473,21,28
1900,12,17,529,0,473,21,28
1901,12,17,544,0,473,21,28
1902,12,17,468,1,473,21,28
1903,12,17,498,1,473,21,28
1904,12,17,604,0,473,21,28
1905,12,17,522,0,473,21,28
1906,12,18,500,1,473,21,29
1907,12,18,498,1,473,21,29
1908,12,18,418,1,473,21,29
1909,12,18,587,0,473,21,29
1910,12,18,522,0,473,21,29
1911,12,18,505,1,473,21,29
1912,12,18,478,1,473,21,29
1913,12,18,564,0,473,21,29
1914,12,18,487,1,473,21,29
1915,12,18,506,1,473,21,29
1916,12,18,551,0,473,21,29
1917,12,18,587,0,473,21,29
1918,12,18,562,0,473,21,29
1919,12,18,496,1,473,21,29
1920,12,18,590,0,473,21,29
1921,12,18,595,0,473,21,29
1922,12,18,616,0,473,21,29
1923,12,18,572,0,473,21,29
1924,12,18,496,1,473,21,29
1925,12,18,548,0,473,21,29
1926,12,18,481,1,473,21,29
1927,12,18,487,1,473,21,29
1928,12,18,589,0,473,21,29
1929,12,18,569,0,473,21,29
1930,12,18,487,1,473,21,29
1931,12,18,530,0,473,21,29
1932,12,18,523,0,473,21,29
1933,12,18,539,0,473,21,29
1934,12,18,529,0,473,21,29
1935,12,19,530,0,473,21,21
1936,12,19,505,1,473,21,21
1937,12,19,565,0,473,21,21
1938,12,19,471,1,473,21,21
1939,12,19,494,1,473,21,21
1940,12,19,596,0,473,21,21
1941,12,19,537,0,473,21,21
1942,12,19,668,0,473,21,21
1943,12,19,505,1,473,21,21
1944,12,19,534,0,473,21,21
1945,12,19,504,1,473,21,21
1946,12,19,560,0,473,21,21
1947,12,19,531,0,473,21,21
1948,12,19,529,0,473,21,21
1949,12,19,532,0,473,21,21
1950,12,19,498,1,473,21,21
1951,12,19,617,0,473,21,21
1952,12,19,596,0,473,21,21
1953,12,19,520,0,473,21,21
1954,12,19,486,1,473,21,21
1955,12,19,459,1,473,21,21
1956,12,20,617,0,473,21,19
1957,12,20,533,0,473,21,19
1958,12,20,552,0,473,21,19
1959,12,20,567,0,473,21,19
1960,12,20,506,1,473,21,19
1961,12,20,513,1,473,21,19
1962,12,20,555,0,473,21,19
1963,12,20,554,0,473,21,19
1964,12,20,550,0,473,21,19
1965,12,20,543,0,473,21,19
1966,12,20,523,0,473,21,19
1967,12,20,537,0,473,21,19
1968,12,20,508,1,473,21,19
1969,12,20,549,0,473,21,19
1970,12,20,546,0,473,21,19
1971,12,20,568,0,473,21,19
1972,12,20,547,0,473,21,19
1973,12,20,575,0,473,21,19
1974,12,20,499,1,473,21,19
1975,12,21,555,0,473,21,29
1976,12,21,646,0,473,21,29
1977,12,21,532,0,473,21,29
1978,12,21,519,1,473,21,29
1979,12,21,538,0,473,21,29
1980,12,21,577,0,473,21,29
1981,12,21,610,0,473,21,29
1982,12,21,602,0,473,21,29
1983,12,21,559,0,473,21,29
1984,12,21,610,0,473,21,29
1985,12,21,504,1,473,21,29
1986,12,21,483,1,473,21,29
1987,12,21,550,0,473,21,29
1988,12,21,599,0,473,21,29
1989,12,21,529,0,473,21,29
1990,12,21,547,0,473,21,29
1991,12,21,593,0,473,21,29
1992,12,21,573,0,473,21,29
1993,12,21,564,0,473,21,29
1994,12,21,493,1,473,21,29
1995,12,21,536,0,473,21,29
1996,12,21,471,1,473,21,29
1997,12,21,603,0,473,21,29
1998,12,21,519,1,473,21,29
1999,12,21,460,1,473,21,29
2000,12,21,563,0,473,21,29
2001,12,21,489,1,473,21,29
2002,12,21,537,0,473,21,29
2003,12,21,551,0,473,21,29
